<?xml  version="1.0" encoding="UTF-8"?>
<beans xmlns="http://www.springframework.org/schema/beans"
    xmlns:xsi="http://www.w3.org/2001/XMLSchema-instance"
    xmlns:aop="http://www.springframework.org/schema/aop"
    xmlns:context="http://www.springframework.org/schema/context"
    xmlns:jee="http://www.springframework.org/schema/jee"
    xmlns:lang="http://www.springframework.org/schema/lang"
    xmlns:mvc="http://www.springframework.org/schema/mvc"
    xmlns:p="http://www.springframework.org/schema/p"
    xmlns:tx="http://www.springframework.org/schema/tx"
    xmlns:util="http://www.springframework.org/schema/util"
    xsi:schemaLocation="http://www.springframework.org/schema/beans http://www.springframework.org/schema/beans/spring-beans.xsd
        http://www.springframework.org/schema/aop http://www.springframework.org/schema/aop/spring-aop.xsd
        http://www.springframework.org/schema/context http://www.springframework.org/schema/context/spring-context.xsd
        http://www.springframework.org/schema/jee http://www.springframework.org/schema/jee/spring-jee.xsd
        http://www.springframework.org/schema/lang http://www.springframework.org/schema/lang/spring-lang.xsd
        http://www.springframework.org/schema/tx http://www.springframework.org/schema/tx/spring-tx.xsd
        http://www.springframework.org/schema/mvc http://www.springframework.org/schema/mvc/spring-mvc-3.1.xsd
        http://www.springframework.org/schema/util http://www.springframework.org/schema/util/spring-util.xsd">
 
    <context:annotation-config />
    <context:component-scan base-package="com.howtodoinjava.controller" />
 
    <bean id="jspViewResolver"
        class="org.springframework.web.servlet.view.InternalResourceViewResolver">
        <property name="viewClass"
            value="org.springframework.web.servlet.view.JstlView" />
        <property name="prefix" value="/WEB-INF/view/" />
        <property name="suffix" value=".jsp" />
    </bean>
 
    <bean id="propertyConfigurer"
        class="org.springframework.beans.factory.config.PropertyPlaceholderConfigurer"
        p:location="/WEB-INF/jdbc.properties" />
    
	 <bean id="abstractDataSource"
        class="org.apache.commons.dbcp.BasicDataSource" 
        destroy-method="close"
        p:driverClassName="${jdbc.driverClassName}"
        p:username="${jdbc.username}"
        p:password="${jdbc.password}" />
 
    <bean id="concreteDataSourceOne"
       	parent="abstractDataSource"
        p:url="${jdbc.databaseurlOne}"/>
     
     <bean id="concreteDataSourceTwo"
       	parent="abstractDataSource"
        p:url="${jdbc.databaseurlTwo}"/>
     
     <bean id="dataSource" class="com.howtodoinjava.controller.MyRoutingDataSource">
	   <property name="targetDataSources">
	      <map key-type="java.lang.String">
	         <entry key="en" value-ref="concreteDataSourceOne"/>
	         <entry key="es" value-ref="concreteDataSourceTwo"/>
	      </map>
	   </property>
	   <!-- <property name="defaultTargetDataSource" ref="concreteDataSourceOne"/> -->
	</bean>
	
     <bean id="messageSource" class="org.springframework.context.support.ResourceBundleMessageSource"
	      p:basenames="messages" />
	
	<!-- Declare the Interceptor -->
	<mvc:interceptors>    
	    <bean class="org.springframework.web.servlet.i18n.LocaleChangeInterceptor"
	          p:paramName="locale" />
	</mvc:interceptors>
	
	<!-- Declare the Resolver -->
	<bean id="localeResolver" class="org.springframework.web.servlet.i18n.SessionLocaleResolver" />
    
    <bean id="sessionFactory"
        class="org.springframework.orm.hibernate4.LocalSessionFactoryBean">
        <property name="dataSource" ref="dataSource" />
        <property name="configLocation">
            <value>classpath:hibernate.cfg.xml</value>
        </property>
        <property name="hibernateProperties">
            <props>
                <prop key="hibernate.dialect">${jdbc.dialect}</prop>
                <prop key="hibernate.show_sql">true</prop>
            </props>
        </property>
    </bean>
    
    <bean id="employeeDAO" class="com.howtodoinjava.dao.EmployeeDaoImpl"></bean>
    <bean id="employeeManager" class="com.howtodoinjava.service.EmployeeManagerImpl"></bean>
 
    <tx:annotation-driven transaction-manager="transactionManager"/>
    <bean id="transactionManager"
        class="org.springframework.orm.hibernate4.HibernateTransactionManager">
        <property name="sessionFactory" ref="sessionFactory" />
    </bean>
    
</beans>