<?xml version="1.0" encoding="UTF-8"?>
<beans xmlns="http://www.springframework.org/schema/beans"
       xmlns:xsi="http://www.w3.org/2001/XMLSchema-instance"
       xmlns:context="http://www.springframework.org/schema/context"
       xmlns:tx="http://www.springframework.org/schema/tx"
       xmlns:aop="http://www.springframework.org/schema/aop"
       xmlns:util="http://www.springframework.org/schema/util"
       xmlns:jpa="http://www.springframework.org/schema/data/jpa"
       xsi:schemaLocation="http://www.springframework.org/schema/beans http://www.springframework.org/schema/beans/spring-beans-3.0.xsd
	http://www.springframework.org/schema/context http://www.springframework.org/schema/context/spring-context-3.0.xsd
	http://www.springframework.org/schema/aop http://www.springframework.org/schema/aop/spring-aop-3.0.xsd
	http://www.springframework.org/schema/tx http://www.springframework.org/schema/tx/spring-tx-3.0.xsd
  http://www.springframework.org/schema/util http://www.springframework.org/schema/util/spring-util.xsd http://www.springframework.org/schema/data/jpa http://www.springframework.org/schema/data/jpa/spring-jpa.xsd">

    <!-- Import configs -->
    <import resource="data.xml" />

    <context:component-scan base-package="website.fedulov.aspect, website.fedulov.testmodel, website.fedulov.testrepo, website.fedulov" />

    <jpa:repositories base-package="website.fedulov.testrepo"/>

    <aop:aspectj-autoproxy />

    <!-- log4j setting -->
    <bean id="log4jInitialization"
          class="org.springframework.beans.factory.config.MethodInvokingFactoryBean">
        <property name="targetClass"
                  value="org.springframework.util.Log4jConfigurer" />
        <property name="targetMethod" value="initLogging" />
        <property name="arguments">
            <list>
                <value>classpath:log4j-${target_env:dev}.xml</value>
            </list>
        </property>
    </bean>

    <tx:annotation-driven order="30"/>

    <bean id="readOnlyInterceptor" class="website.fedulov.aspect.ReadOnlyConnectionInterceptor">
        <property name="order" value="20"/>
    </bean>

    <bean id="writeConnectionInterceptor" class="website.fedulov.aspect.WriteConnectionInterceptor">
        <property name="order" value="20"/>
    </bean>

</beans>